year,country,count,group
2000,Albania,2,Unknown
2000,Bosnia-Herzegovina,1,Serb Radical Party
2000,Bosnia-Herzegovina,5,Unknown
2000,Bulgaria,2,Unknown
2000,Croatia,1,Former Soldiers/Police
2000,Croatia,1,Unknown
2000,Kosovo,1,Albanian Separatists
2000,Kosovo,13,Albanian extremists
2000,Kosovo,4,Gunmen
2000,Kosovo,1,Kosovo Liberation Army (KLA)
2000,Kosovo,1,Separatists
2000,Kosovo,40,Unknown
2000,Latvia,1,Fighters of Democratic Latvia
2000,Latvia,1,National Bolshevik Party (Partiya Natsionalnikh Bolshevikov - PNB)
2000,Latvia,1,Unknown
2000,Macedonia,3,Unknown
2000,Moldova,1,Unknown
2000,Russia,1,Anti-Government extremists
2000,Russia,84,Chechen Rebels
2000,Russia,1,Guerrillas
2000,Russia,3,Gunmen
2000,Russia,2,Rebels
2000,Russia,47,Unknown
2000,Slovak Republic,1,Unknown
2000,Slovenia,1,Unknown
2000,Ukraine,1,Unknown
2000,Yugoslavia,3,Gunmen
2000,Yugoslavia,1,Otpor
2000,Yugoslavia,10,Unknown
2000,Cyprus,2,Unknown
2000,France,1,Armata Corsa
2000,France,2,Breton Liberation Front (FLB)
2000,France,2,Corsican National Liberation Front (FLNC)
2000,France,1,Corsican Separatists
2000,France,2,Iparretarrak (IK)
2000,France,20,Unknown
2000,Germany,1,Autonomous Decorators
2000,Germany,1,National Socialist Underground
2000,Germany,2,Neo-Nazi extremists
2000,Germany,1,Right-wing extremists
2000,Germany,3,Unknown
2000,Greece,2,Anarchist Faction
2000,Greece,1,Anarchist Struggle
2000,Greece,1,Anarchists
2000,Greece,1,Anarchists Attack Team
2000,Greece,7,Black Star
2000,Greece,1,Erotic Anti-authority Cells
2000,Greece,1,Last Generation
2000,Greece,1,November 17 Revolutionary Organization (N17RO)
2000,Greece,5,Revolutionary Nuclei
2000,Greece,8,Unknown
2000,Italy,1,Iconoclasts
2000,Italy,2,International Solidarity
2000,Italy,1,Revolutionary Leninist Brigades
2000,Italy,1,Revolutionary Proletarian Initiative Nuclei (NIPR)
2000,Italy,1,Right-wing extremists
2000,Italy,2,Unknown
2000,Netherlands,1,Unknown
2000,Spain,2,Anarchists
2000,Spain,46,Basque Fatherland and Freedom (ETA)
2000,Spain,4,Basque extremists
2000,Spain,14,First of October Antifascist Resistance Group (GRAPO)
2000,Spain,42,Unknown
2000,Spain,4,Youths
2000,Sweden,1,Unknown
2000,Switzerland,3,Revolutionary Perspective
2000,Switzerland,1,Unknown
2000,United Kingdom,1,Animal Liberation Front (ALF)
2000,United Kingdom,4,Animal Rights extremists
2000,United Kingdom,1,Anti-Semitic extremists
2000,United Kingdom,4,Continuity Irish Republican Army (CIRA)
2000,United Kingdom,6,Irish Republican Army (IRA)
2000,United Kingdom,2,Irish Republican Extremists
2000,United Kingdom,2,Loyalist Volunteer Forces (LVF)
2000,United Kingdom,1,Paramilitaries
2000,United Kingdom,5,Protestant extremists
2000,United Kingdom,7,Real Irish Republican Army (RIRA)
2000,United Kingdom,1,Ulster Freedom Fighters (UFF)
2000,United Kingdom,5,Ulster Volunteer Force (UVF)
2000,United Kingdom,22,Unknown
2001,Albania,1,Unknown
2001,Belarus,1,Unknown
2001,Bosnia-Herzegovina,1,Croat Democratic Union
2001,Bosnia-Herzegovina,1,Unknown
2001,Bulgaria,1,Unknown
2001,Croatia,3,Unknown
2001,Czech Republic,1,Neo-Fascists
2001,Estonia,1,Unknown
2001,Hungary,1,Unknown
2001,Kosovo,1,Albanian National Army (ANA)
2001,Kosovo,4,Albanian extremists
2001,Kosovo,12,Unknown
2001,Macedonia,1,Albanian National Army (ANA)
2001,Macedonia,9,Albanian extremists
2001,Macedonia,35,National Liberation Army (NLA) (Macedonia)
2001,Macedonia,22,Unknown
2001,Montenegro,1,Unknown
2001,Poland,1,Unknown
2001,Russia,2,Armed Forces of the Chechen Republic of Ichkeria
2001,Russia,85,Chechen Rebels
2001,Russia,2,Gunmen
2001,Russia,1,Special Purpose Islamic Regiment (SPIR)
2001,Russia,45,Unknown
2001,Yugoslavia,7,Albanian extremists
2001,Yugoslavia,1,Extremists
2001,Yugoslavia,1,Gunmen
2001,Yugoslavia,2,"Liberation Army for Presevo, Medvedja and Bujanovac (UCPMB)"
2001,Yugoslavia,9,Unknown
2001,Cyprus,1,Unknown
2001,France,1,Al-Qaida
2001,France,2,Armata Corsa
2001,France,1,Association Totalement Anti-Guerre (ATAG)
2001,France,1,Basque Fatherland and Freedom (ETA)
2001,France,6,Corsican National Liberation Front (FLNC)
2001,France,10,Unknown
2001,Germany,4,National Socialist Underground
2001,Germany,4,Unknown
2001,Greece,1,Anarchist Liberation Brigade
2001,Greece,1,Anarchist Squad
2001,Greece,1,Group of Carlo Giuliani
2001,Greece,1,November 17 Revolutionary Organization (N17RO)
2001,Greece,1,Revolutionary Violence Units
2001,Greece,9,Unknown
2001,Ireland,2,Unknown
2001,Italy,1,Anti-Imperialist Territorial Nuclei (NTA)
2001,Italy,1,Revolutionary Proletarian Initiative Nuclei (NIPR)
2001,Italy,9,Unknown
2001,Netherlands,1,Unknown
2001,Norway,1,Neo-Nazi extremists
2001,Spain,36,Basque Fatherland and Freedom (ETA)
2001,Spain,1,Haika
2001,Spain,42,Unknown
2001,Switzerland,1,Revolutionary Perspective
2001,Switzerland,1,Unknown
2001,United Kingdom,2,Animal Liberation Front (ALF)
2001,United Kingdom,7,Animal Rights extremists
2001,United Kingdom,2,Catholic Reaction Force
2001,United Kingdom,2,Continuity Irish Republican Army (CIRA)
2001,United Kingdom,1,Dissident
2001,United Kingdom,3,Loyalists
2001,United Kingdom,8,Protestant extremists
2001,United Kingdom,9,Real Irish Republican Army (RIRA)
2001,United Kingdom,15,Red Hand Defenders (RHD)
2001,United Kingdom,2,South Londonderry Volunteers (SLV)
2001,United Kingdom,4,Ulster Freedom Fighters (UFF)
2001,United Kingdom,1,Ulster Volunteer Force (UVF)
2001,United Kingdom,37,Unknown
2001,United Kingdom,1,Youths
2002,Bosnia-Herzegovina,3,Unknown
2002,Bulgaria,1,Unknown
2002,Kosovo,1,Albanian extremists
2002,Kosovo,4,Unknown
2002,Macedonia,1,Albanian National Army (ANA)
2002,Macedonia,2,Army of the Republic of Ilirida
2002,Macedonia,5,Unknown
2002,Russia,1,Armed Forces of the Chechen Republic of Ichkeria
2002,Russia,45,Chechen Rebels
2002,Russia,1,Grozny Jamaat
2002,Russia,2,Gunmen
2002,Russia,2,Rebels
2002,Russia,2,Special Purpose Islamic Regiment (SPIR)
2002,Russia,36,Unknown
2002,Ukraine,1,Gunmen
2002,Ukraine,2,Unknown
2002,Yugoslavia,3,Unknown
2002,Belgium,3,Unknown
2002,France,1,Anti-Semitic extremists
2002,France,1,Neo-Nazi extremists
2002,France,15,Separatists
2002,France,14,Unknown
2002,France,1,Youths
2002,Germany,1,Democratic Iraqi Opposition of Germany
2002,Germany,2,Unknown
2002,Greece,1,New Revolutionary Popular Struggle (NELA)
2002,Greece,2,Popular Resistance (Laiki Antistasi)
2002,Greece,1,Rabid Brothers of Giuliani
2002,Greece,7,Unknown
2002,Italy,4,CCCCC
2002,Italy,1,Red Brigades Fighting Communist Union (BR-UCC)
2002,Italy,1,Sardinian Autonomy Movement
2002,Italy,1,Unknown
2002,Netherlands,1,Animal Rights extremists
2002,Netherlands,1,Unknown
2002,Spain,28,Basque Fatherland and Freedom (ETA)
2002,Spain,1,CCCCC
2002,Spain,1,Neo-Nazi extremists
2002,Spain,11,Unknown
2002,United Kingdom,1,Continuity Irish Republican Army (CIRA)
2002,United Kingdom,2,Irish Republican Army (IRA)
2002,United Kingdom,4,Real Irish Republican Army (RIRA)
2002,United Kingdom,1,Red Hand Defenders (RHD)
2002,United Kingdom,2,Scottish National Liberation Army
2002,United Kingdom,11,Unknown
2003,Albania,1,Unknown
2003,Bosnia-Herzegovina,1,Unknown
2003,Czech Republic,1,Unknown
2003,Kosovo,9,Unknown
2003,Macedonia,2,Albanian National Army (ANA)
2003,Macedonia,3,Unknown
2003,Russia,45,Chechen Rebels
2003,Russia,30,Unknown
2003,Russia,1,Vanguard of Red Youth (AKM)
2003,Serbia-Montenegro,1,Albanian National Army (ANA)
2003,Serbia-Montenegro,4,Unknown
2003,Serbia-Montenegro,1,Zemun Clan
2003,Ukraine,1,Unknown
2003,Belgium,8,Unknown
2003,France,15,Corsican National Liberation Front (FLNC)
2003,France,4,Resistenza Corsa
2003,France,15,Unknown
2003,Germany,1,Informal Anarchist Federation
2003,Germany,1,Unknown
2003,Greece,1,Enraged Revolutionaries
2003,Greece,1,Popular Revolutionary Action
2003,Greece,1,Revolutionary Struggle
2003,Greece,1,The War That Was Never Declared
2003,Greece,8,Unknown
2003,Ireland,1,Dissident Republicans
2003,Italy,1,Anti-Imperialist Territorial Nuclei (NTA)
2003,Italy,1,Informal Anarchist Federation
2003,Italy,1,Proletarian Nuclei for Communism
2003,Italy,3,Red Brigades Fighting Communist Party (BR-PCC)
2003,Italy,9,Unknown
2003,Netherlands,2,Informal Anarchist Federation
2003,Netherlands,1,Unknown
2003,Norway,1,Unknown
2003,Spain,11,Basque Fatherland and Freedom (ETA)
2003,Spain,10,Unknown
2003,Switzerland,1,Unknown
2003,United Kingdom,2,Continuity Irish Republican Army (CIRA)
2003,United Kingdom,2,Irish Republican Army (IRA)
2003,United Kingdom,1,Irish Republican Extremists
2003,United Kingdom,1,Loyalist Action Force
2003,United Kingdom,4,Real Irish Republican Army (RIRA)
2003,United Kingdom,1,Red Hand Defenders (RHD)
2003,United Kingdom,1,Supporters of Johnny Adair
2003,United Kingdom,2,Ulster Freedom Fighters (UFF)
2003,United Kingdom,9,Unknown
2004,Kosovo,1,Unknown
2004,Russia,11,Chechen Rebels
2004,Russia,4,Islambouli Brigades of al-Qaida
2004,Russia,3,Riyadus-Salikhin Reconnaissance and Sabotage Battalion of Chechen Martyrs
2004,Russia,26,Unknown
2004,Serbia-Montenegro,1,Unknown
2004,Cyprus,1,Unknown
2004,France,1,Anonymous Underground Movement (MCA)
2004,France,1,French Armed Islamic Front
2004,France,1,Right-wing extremists
2004,France,8,Unknown
2004,Germany,2,National Socialist Underground
2004,Germany,1,Unknown
2004,Greece,1,Resistance Cell
2004,Greece,1,Revolutionary Struggle
2004,Greece,2,Unknown
2004,Italy,1,Anarchists
2004,Italy,1,Moroccan extremists
2004,Italy,1,Proletarian Nuclei for Communism
2004,Netherlands,1,Hofstad Network
2004,Spain,6,Al-Qaida
2004,Spain,20,Basque Fatherland and Freedom (ETA)
2004,Spain,5,Unknown
2004,United Kingdom,1,Real Irish Republican Army (RIRA)
2004,United Kingdom,2,Ulster Freedom Fighters (UFF)
2004,United Kingdom,2,Unknown
2005,Bosnia-Herzegovina,1,Unknown
2005,Croatia,1,Unknown
2005,Kosovo,8,Unknown
2005,Russia,9,Armed Forces of the Chechen Republic of Ichkeria
2005,Russia,3,Chechen Rebels
2005,Russia,2,Dagestani Shari'ah Jamaat
2005,Russia,1,Riyadus-Salikhin Reconnaissance and Sabotage Battalion of Chechen Martyrs
2005,Russia,49,Unknown
2005,Serbia-Montenegro,2,Unknown
2005,France,1,Basque Fatherland and Freedom (ETA)
2005,France,18,Corsican National Liberation Front (FLNC)
2005,France,1,Iparretarrak (IK)
2005,France,13,Unknown
2005,Germany,2,National Socialist Underground
2005,Germany,1,Unknown
2005,Greece,2,Revolutionary Struggle
2005,Greece,4,Unknown
2005,Italy,3,Informal Anarchist Federation
2005,Italy,3,Unknown
2005,Spain,19,Basque Fatherland and Freedom (ETA)
2005,Spain,5,Unknown
2005,Sweden,1,Al-Qaida Organization for Jihad in Sweden
2005,Sweden,2,Global Intifada
2005,United Kingdom,8,Al-Qaida
2005,United Kingdom,1,Animal Liberation Front (ALF)
2005,United Kingdom,1,Irish Republican Army (IRA)
2005,United Kingdom,1,Orange Volunteers (OV)
2005,United Kingdom,2,Ulster Volunteer Force (UVF)
2005,United Kingdom,16,Unknown
2006,Belarus,1,Unknown
2006,Bosnia-Herzegovina,1,Unknown
2006,Kosovo,6,Unknown
2006,Macedonia,3,Unknown
2006,Moldova,1,Unknown
2006,Russia,5,Chechen Rebels
2006,Russia,1,Kata'ib al-Khoul
2006,Russia,2,Skinheads
2006,Russia,48,Unknown
2006,Serbia-Montenegro,2,Unknown
2006,Austria,1,Unknown
2006,France,1,Basque Fatherland and Freedom (ETA)
2006,France,3,Basque extremists
2006,France,12,Corsican National Liberation Front (FLNC)
2006,France,1,Kurdistan Workers' Party (PKK)
2006,France,17,Unknown
2006,Germany,1,Hizb al-Tahrir al-Islami (HT)
2006,Germany,2,National Socialist Underground
2006,Germany,1,Unknown
2006,Greece,5,Anti-State Justice
2006,Greece,3,Revolutionary Action of Liberation
2006,Greece,1,Revolutionary Struggle
2006,Greece,2,Solidarity with imprisoned members of Action Directe (AD)
2006,Greece,12,Unknown
2006,Ireland,1,Irish Republican Army (IRA)
2006,Italy,3,Informal Anarchist Federation
2006,Italy,1,Unknown
2006,Norway,1,Anti-Semitic extremists
2006,Spain,17,Basque Fatherland and Freedom (ETA)
2006,Spain,6,Unknown
2006,Sweden,1,Unknown
2006,United Kingdom,1,Irish Republican Army (IRA)
2006,United Kingdom,1,Oglaigh na hEireann
2006,United Kingdom,1,Protestant extremists
2006,United Kingdom,3,Unknown
2007,Bosnia-Herzegovina,2,Unknown
2007,Kosovo,5,Unknown
2007,Latvia,1,Unknown
2007,Macedonia,1,Unknown
2007,Montenegro,1,Unknown
2007,Russia,3,Chechen Rebels
2007,Russia,2,Riyadus-Salikhin Reconnaissance and Sabotage Battalion of Chechen Martyrs
2007,Russia,46,Unknown
2007,Ukraine,1,Unknown
2007,Austria,1,Unknown
2007,Belgium,1,Unknown
2007,Cyprus,1,Unknown
2007,Finland,1,Neo-Fascists
2007,France,2,Basque Fatherland and Freedom (ETA)
2007,France,6,Corsican National Liberation Front (FLNC)
2007,France,8,Unknown
2007,Germany,1,National Socialist Underground
2007,Germany,2,Unknown
2007,Greece,8,Athens and Thessaloniki Arsonist Nuclei
2007,Greece,1,Revolutionary Action of Liberation
2007,Greece,1,Revolutionary Struggle
2007,Greece,5,Unknown
2007,Ireland,1,Unknown
2007,Spain,1,Anti-Independence extremists
2007,Spain,6,Basque Fatherland and Freedom (ETA)
2007,Spain,4,Unknown
2007,Switzerland,1,Muslim extremists
2007,Switzerland,1,Unknown
2007,United Kingdom,1,Al-Qaida in Iraq
2007,United Kingdom,1,Continuity Irish Republican Army (CIRA)
2007,United Kingdom,1,Dissident Republicans
2007,United Kingdom,3,Oglaigh na hEireann
2007,United Kingdom,2,Real Irish Republican Army (RIRA)
2007,United Kingdom,1,Ulster Freedom Fighters (UFF)
2007,United Kingdom,11,Unknown
2008,Belarus,1,Unknown
2008,Bosnia-Herzegovina,4,Unknown
2008,Bulgaria,2,Unknown
2008,Croatia,2,Unknown
2008,Czech Republic,2,Unknown
2008,Hungary,2,Unknown
2008,Kosovo,1,Kosovo Liberation Army (KLA)
2008,Kosovo,1,Mlada Bosna
2008,Kosovo,9,Unknown
2008,Macedonia,9,Unknown
2008,Romania,1,Unknown
2008,Russia,11,Caucasus Emirate
2008,Russia,11,Chechen Rebels
2008,Russia,2,Dagestani Shari'ah Jamaat
2008,Russia,1,Kata'ib al-Khoul
2008,Russia,1,Militant Organization of Russian Nationalists
2008,Russia,144,Unknown
2008,Serbia,4,Unknown
2008,Ukraine,1,Unknown
2008,Austria,4,Kurdistan Workers' Party (PKK)
2008,Austria,3,Unknown
2008,Denmark,1,Unknown
2008,Finland,1,Kurdistan Workers' Party (PKK)
2008,France,1,Afghan Revolutionary Front
2008,France,1,LW
2008,France,11,Unknown
2008,Germany,1,Neo-Nazi extremists
2008,Germany,2,Unknown
2008,Greece,1,Anarchists
2008,Greece,2,Anti-Democratic Struggle
2008,Greece,1,Armed Revolutionary Action (ENEDRA)
2008,Greece,14,Conspiracy of Cells of Fire
2008,Greece,1,Forbidden Blockade (Greece)
2008,Greece,1,Gangs of Conscience
2008,Greece,1,Incendiary Committee of Solidarity for Detainees
2008,Greece,1,Popular Will (Greece)
2008,Greece,1,Revolutionary Struggle
2008,Greece,30,Unknown
2008,Ireland,5,Unknown
2008,Italy,1,Neo-Nazi extremists
2008,Italy,1,Unknown
2008,Netherlands,1,Animal Liberation Front (ALF)
2008,Spain,32,Basque Fatherland and Freedom (ETA)
2008,Spain,5,Unknown
2008,Sweden,1,Unknown
2008,United Kingdom,1,Continuity Irish Republican Army (CIRA)
2008,United Kingdom,1,Hutu extremists
2008,United Kingdom,1,Irish Republican Army (IRA)
2008,United Kingdom,1,Neo-Nazi extremists
2008,United Kingdom,1,Oglaigh na hEireann
2008,United Kingdom,34,Unknown
2009,Albania,1,Unknown
2009,Bosnia-Herzegovina,1,Unknown
2009,Croatia,1,Unknown
2009,Czech Republic,1,Unknown
2009,Hungary,1,Unknown
2009,Kosovo,1,Unknown
2009,Macedonia,1,Macedonian nationalists
2009,Moldova,1,Unknown
2009,Russia,7,Caucasus Emirate
2009,Russia,1,Chechen Rebels
2009,Russia,2,NVF
2009,Russia,2,Riyadus-Salikhin Reconnaissance and Sabotage Battalion of Chechen Martyrs
2009,Russia,140,Unknown
2009,Serbia,1,The Black Sun
2009,Serbia,2,Unknown
2009,Ukraine,2,Unknown
2009,Austria,1,Militant Forces Against Huntingdon
2009,Austria,2,Unknown
2009,Belgium,1,Unknown
2009,France,1,Corsican National Liberation Front (FLNC)
2009,France,8,Unknown
2009,Germany,1,Hoodie Wearers
2009,Germany,3,Unknown
2009,Greece,1,Alexandros Grigoropoulos Anarchist Attack Group
2009,Greece,1,Anarchist Action (CA / United States)
2009,Greece,1,Anarchists
2009,Greece,1,Armed Revolutionary Action (ENEDRA)
2009,Greece,3,Attack Teams for the Dissolution of the Nation (Greece)
2009,Greece,1,Black and Red Anarchist and Anti-Authoritarians Initiative (Greece)
2009,Greece,9,Conspiracy of Cells of Fire
2009,Greece,1,Council for the Destruction of Order
2009,Greece,1,Deniers of Holidays
2009,Greece,1,Gangs of Conscience
2009,Greece,6,Illuminating Paths of Solidarity
2009,Greece,1,Nihilists Faction
2009,Greece,1,Popular Will (Greece)
2009,Greece,1,Revolutionary Liberation Action (Epanastatiki Apelevtherotiki Drasi) - Greece
2009,Greece,11,Revolutionary Struggle
2009,Greece,2,Sect of Revolutionaries (Greece)
2009,Greece,72,Unknown
2009,Greece,1,Zero Tolerance
2009,Italy,2,Informal Anarchist Federation
2009,Italy,2,Unknown
2009,Netherlands,1,Unknown
2009,Spain,14,Basque Fatherland and Freedom (ETA)
2009,Spain,1,Basque Separatists
2009,Spain,6,Unknown
2009,Sweden,1,Global Intifada
2009,United Kingdom,1,Continuity Irish Republican Army (CIRA)
2009,United Kingdom,5,Irish Republican Extremists
2009,United Kingdom,3,Oglaigh na hEireann
2009,United Kingdom,1,Orange Volunteers (OV)
2009,United Kingdom,1,Real Irish Republican Army (RIRA)
2009,United Kingdom,12,Unknown
2010,Belarus,2,Friends of Freedom
2010,Bosnia-Herzegovina,1,Wahhabi Movement
2010,Kosovo,1,Unknown
2010,Poland,1,Anti-Government extremists
2010,Russia,6,Caucasus Emirate
2010,Russia,1,Dagestani Shari'ah Jamaat
2010,Russia,1,Karabulak Gang
2010,Russia,1,NVF
2010,Russia,1,Riyadus-Salikhin Reconnaissance and Sabotage Battalion of Chechen Martyrs
2010,Russia,241,Unknown
2010,Serbia,1,Unknown
2010,Ukraine,4,Unknown
2010,Denmark,1,Unknown
2010,France,1,Animal Rights Militia
2010,France,2,Corsican National Liberation Front (FLNC)
2010,Germany,1,Conspiracy of Cells of Fire
2010,Greece,18,Conspiracy of Cells of Fire
2010,Greece,1,Groups for Dissemination of Revolutionary Theory and Action
2010,Greece,1,Popular Will (Greece)
2010,Greece,1,Rebellious Group Lambros Foundas
2010,Greece,1,Revolutionary Continuity
2010,Greece,2,Revolutionary Liberation Action (Epanastatiki Apelevtherotiki Drasi) - Greece
2010,Greece,1,Revolutionary Struggle
2010,Greece,1,Sect of Revolutionaries (Greece)
2010,Greece,22,Unknown
2010,Greece,1,Zero Tolerance
2010,Ireland,2,Real Irish Republican Army (RIRA)
2010,Ireland,2,Unknown
2010,Italy,1,Conspiracy of Cells of Fire
2010,Italy,4,Informal Anarchist Federation
2010,Italy,1,Liberation Tigers of Tamil Eelam (LTTE)
2010,Italy,1,Sisters in Arms
2010,Italy,3,Unknown
2010,Netherlands,1,Unknown
2010,Norway,1,Unknown
2010,Spain,1,Basque Fatherland and Freedom (ETA)
2010,Spain,2,Unknown
2010,Sweden,2,Iraqi extremists
2010,Sweden,1,Unknown
2010,United Kingdom,1,Al-Qaida in the Arabian Peninsula (AQAP)
2010,United Kingdom,8,Irish Republican Extremists
2010,United Kingdom,1,Jihadi-inspired extremists
2010,United Kingdom,4,Oglaigh na hEireann
2010,United Kingdom,1,Paramilitary members
2010,United Kingdom,2,Real Irish Republican Army (RIRA)
2010,United Kingdom,3,Real Ulster Freedom Fighters (UFF) - Northern Ireland
2010,United Kingdom,37,Unknown
2011,Belarus,1,Unknown
2011,Bosnia-Herzegovina,1,Unknown
2011,Bulgaria,2,Unknown
2011,Czech Republic,1,Unknown
2011,Estonia,1,Unknown
2011,Kosovo,1,Unknown
2011,Russia,1,Black Hawks (Anti-Wahhabists)
2011,Russia,6,Caucasus Emirate
2011,Russia,5,Gunmen
2011,Russia,2,Islamist extremists
2011,Russia,1,Muslim Separatists
2011,Russia,1,NVF
2011,Russia,1,Right-wing extremists
2011,Russia,1,Riyadus-Salikhin Reconnaissance and Sabotage Battalion of Chechen Martyrs
2011,Russia,170,Unknown
2011,Ukraine,3,Unknown
2011,Austria,1,Conspiracy of Cells of Fire
2011,France,1,Basque Fatherland and Freedom (ETA)
2011,France,2,Corsican National Liberation Front (FLNC)
2011,France,1,Informal Anarchist Federation
2011,France,1,Kurdistan Workers' Party (PKK)
2011,France,3,Unknown
2011,Germany,5,Hekla Reception Committee-Initiative for More Social Eruptions
2011,Germany,1,Informal Anarchist Federation
2011,Germany,1,Jihadi-inspired extremists
2011,Germany,1,Unknown
2011,Greece,2,Anarchists
2011,Greece,1,Conspiracy of Cells of Fire
2011,Greece,8,Unknown
2011,Ireland,1,Real Irish Republican Army (RIRA)
2011,Ireland,3,Unknown
2011,Italy,1,Anarchists
2011,Italy,2,Informal Anarchist Federation
2011,Italy,2,Right-wing extremists
2011,Netherlands,1,Animal Liberation Front (ALF)
2011,Netherlands,1,Unknown
2011,Norway,2,Right-wing extremists
2011,Norway,1,Turkish radicals
2011,Portugal,2,Anarchists
2011,Sweden,1,Animal Liberation Front (ALF)
2011,Switzerland,1,Informal Anarchist Federation
2011,Switzerland,1,Revolutionary Perspective
2011,Switzerland,1,Unknown
2011,United Kingdom,1,Irish Republican Army (IRA)
2011,United Kingdom,1,Oglaigh na hEireann
2011,United Kingdom,1,Provisional RSPCA
2011,United Kingdom,3,Real Irish Republican Army (RIRA)
2011,United Kingdom,41,Unknown
2012,Belarus,3,Unknown
2012,Bulgaria,1,Hezbollah
2012,Bulgaria,1,Unknown
2012,Kosovo,1,Civilian Defense
2012,Kosovo,3,Unknown
2012,Macedonia,1,Unknown
2012,Moldova,1,Unknown
2012,Russia,3,Caucasus Emirate
2012,Russia,1,Ingush Rebels
2012,Russia,1,Izberbash Gang
2012,Russia,4,Muslim extremists
2012,Russia,142,Unknown
2012,Serbia,1,"Liberation Army for Presevo, Medvedja and Bujanovac (UCPMB)"
2012,Serbia,2,Unknown
2012,Ukraine,8,Unknown
2012,Belgium,1,Sunni Muslim extremists
2012,Cyprus,1,Unknown
2012,France,58,Corsican National Liberation Front (FLNC)
2012,France,1,Jihadi-inspired extremists
2012,France,5,Muslim extremists
2012,France,2,Unknown
2012,Germany,1,Friends of Loukanikos
2012,Germany,1,Muslim extremists
2012,Germany,3,Unknown
2012,Greece,1,Informal Anarchist Federation
2012,Greece,1,International Revolutionary Front
2012,Greece,2,Militant Minority (Greece)
2012,Greece,17,Unknown
2012,Greece,1,Urban Guerrilla War
2012,Iceland,1,Unknown
2012,Ireland,1,Dissident Republicans
2012,Ireland,28,Unknown
2012,Italy,1,Anarchists
2012,Italy,2,Informal Anarchist Federation
2012,Italy,7,Unknown
2012,Spain,1,Resistencia Galega
2012,Sweden,2,Unknown
2012,United Kingdom,1,Babbar Khalsa International (BKI)
2012,United Kingdom,5,Dissident Republicans
2012,United Kingdom,2,Informal Anarchist Federation
2012,United Kingdom,3,Loyalists
2012,United Kingdom,7,Oglaigh na hEireann
2012,United Kingdom,1,Real Irish Republican Army (RIRA)
2012,United Kingdom,1,Republican Action Against Drugs (RAAD)
2012,United Kingdom,4,The New Irish Republican Army
2012,United Kingdom,2,Ulster Volunteer Force (UVF)
2012,United Kingdom,29,Unknown
2013,Albania,1,Unknown
2013,Bosnia-Herzegovina,1,Unknown
2013,Bulgaria,3,Unknown
2013,Croatia,2,Unknown
2013,Czech Republic,1,Unknown
2013,Kosovo,6,Unknown
2013,Montenegro,2,Unknown
2013,Russia,1,Ansaru ash-Sharia (Russia)
2013,Russia,1,Balakhani Group
2013,Russia,1,Caspian Group
2013,Russia,5,Caucasus Emirate
2013,Russia,1,Makhachkala Gang
2013,Russia,5,Muslim extremists
2013,Russia,1,Neo-Nazi extremists
2013,Russia,1,Sayfullakh
2013,Russia,128,Unknown
2013,Ukraine,5,Unknown
2013,Austria,1,Unknown
2013,Cyprus,9,Unknown
2013,Denmark,1,Unknown
2013,France,1,Comite d'Action Viticole
2013,France,2,Corsican Nationalists
2013,France,2,Jewish Defense League (JDL)
2013,France,1,Muslim extremists
2013,France,2,National Liberation Front of Provence (FLNP)
2013,France,10,Unknown
2013,Greece,1,Anarchists
2013,Greece,1,Angry Brigade
2013,Greece,3,Conspiracy of Cells of Fire
2013,Greece,1,Detonators of Social Uprisings
2013,Greece,1,Epanastatiki Anatropi (Revolutionary Overthrow)
2013,Greece,1,Golden Dawn
2013,Greece,2,Group of Popular Fighters
2013,Greece,2,Informal Anarchist Federation
2013,Greece,5,Militant Minority (Greece)
2013,Greece,1,Militant People's Revolutionary Forces
2013,Greece,3,Overall Deniers of Joining the Existing
2013,Greece,1,Powers of the Revolutionary Arc
2013,Greece,3,Proletariat Self-defense Groups
2013,Greece,26,Unknown
2013,Greece,1,Unsubordinated Desires
2013,Greece,1,Wild Freedom
2013,Greece,1,Zero Tolerance
2013,Ireland,1,The New Irish Republican Army
2013,Ireland,26,Unknown
2013,Italy,2,Armed Group for the Defence of the People
2013,Italy,2,Informal Anarchist Federation
2013,Italy,3,Unknown
2013,Spain,2,Anti-Clerical Pro-Sex Toys Group
2013,Spain,2,Mateo Morral Insurrectionist Commandos
2013,Spain,1,Resistencia Galega
2013,Switzerland,2,Unknown
2013,United Kingdom,1,Angry Foxes Cell
2013,United Kingdom,2,Anti-Muslim extremists
2013,United Kingdom,1,Borderless Solidarity Cell (BSC)
2013,United Kingdom,1,Continuity Irish Republican Army (CIRA)
2013,United Kingdom,23,Dissident Republicans
2013,United Kingdom,1,English Defense League (EDL)
2013,United Kingdom,2,Informal Anarchist Federation
2013,United Kingdom,1,Loyalists
2013,United Kingdom,1,Muslim extremists
2013,United Kingdom,13,Oglaigh na hEireann
2013,United Kingdom,1,Protestant extremists
2013,United Kingdom,1,Real Ulster Freedom Fighters (UFF) - Northern Ireland
2013,United Kingdom,6,The New Irish Republican Army
2013,United Kingdom,1,Ulster Freedom Fighters (UFF)
2013,United Kingdom,78,Unknown
2013,United Kingdom,4,White extremists
2014,Albania,2,Unknown
2014,Bosnia-Herzegovina,2,Muslim extremists
2014,Bosnia-Herzegovina,1,Unknown
2014,Bulgaria,1,Unknown
2014,Czech Republic,1,Proletarian Solidarity
2014,Czech Republic,4,Unknown
2014,Hungary,1,Unknown
2014,Kosovo,4,Unknown
2014,Macedonia,1,Kosovo Liberation Army (KLA)
2014,Macedonia,2,Unknown
2014,Russia,1,Armenian extremists
2014,Russia,5,Caucasus Emirate
2014,Russia,1,Chechen Rebels
2014,Russia,1,Ingush Rebels
2014,Russia,2,Makhachkala Gang
2014,Russia,3,Muslim extremists
2014,Russia,1,Russian separatists
2014,Russia,34,Unknown
2014,Ukraine,1,Anti-Yanukovych extremists
2014,Ukraine,6,Cossack Separatists
2014,Ukraine,331,Donetsk People's Republic
2014,Ukraine,4,Donskoy Army
2014,Ukraine,3,Kharkiv Partisans
2014,Ukraine,110,Luhansk People's Republic
2014,Ukraine,10,Pro-Russia Militia
2014,Ukraine,5,Right Sector
2014,Ukraine,1,Russian Unity
2014,Ukraine,2,Ukrainian nationalists
2014,Ukraine,422,Unknown
2014,Belgium,1,Islamic State of Iraq and the Levant (ISIL)
2014,Belgium,1,Unknown
2014,Cyprus,5,Unknown
2014,France,1,Animal Liberation Front (ALF)
2014,France,2,Breton Liberation Front (FLB)
2014,France,2,Comite d'Action Viticole
2014,France,1,Corsican Nationalists
2014,France,1,Jihadi-inspired extremists
2014,France,1,National Liberation Front of Provence (FLNP)
2014,France,1,The Justice Department
2014,France,5,Unknown
2014,Germany,1,Conspiracy of Cells of Fire
2014,Germany,1,Free Network South (Freies Netz Sued)
2014,Germany,2,German Resistance Movement
2014,Germany,1,Left-wing extremists
2014,Germany,7,Unknown
2014,Germany,1,Yazidi extremists
2014,Greece,1,Anarchist Anti-Capitalist Action Group
2014,Greece,1,Anarchist Attack Consortium
2014,Greece,7,Anarchists
2014,Greece,1,Conspiracy of Cells of Fire
2014,Greece,2,Group of Popular Fighters
2014,Greece,1,Informal Anarchist Federation
2014,Greece,1,Organization for Revolutionary Self Defense
2014,Greece,1,Proletarian Assault Group
2014,Greece,1,Revolutionary Struggle
2014,Greece,9,Unknown
2014,Greece,1,Zero Tolerance
2014,Iceland,1,Unknown
2014,Ireland,1,Dissident Republicans
2014,Ireland,1,The New Irish Republican Army
2014,Ireland,31,Unknown
2014,Italy,5,Anarchists
2014,Italy,2,Unknown
2014,Malta,1,Unknown
2014,Netherlands,1,Unknown
2014,Spain,1,Basque Separatists
2014,Spain,1,Resistencia Galega
2014,Spain,2,Unknown
2014,Sweden,5,Unknown
2014,United Kingdom,5,Anarchists
2014,United Kingdom,1,Anti-Muslim extremists
2014,United Kingdom,1,Continuity Irish Republican Army (CIRA)
2014,United Kingdom,11,Dissident Republicans
2014,United Kingdom,5,Informal Anarchist Federation
2014,United Kingdom,1,Loyalists
2014,United Kingdom,2,Oglaigh na hEireann
2014,United Kingdom,1,Random Anarchists
2014,United Kingdom,1,The Irish Volunteers
2014,United Kingdom,14,The New Irish Republican Army
2014,United Kingdom,1,Ulster Volunteer Force (UVF)
2014,United Kingdom,60,Unknown
2015,Albania,4,Unknown
2015,Bosnia-Herzegovina,3,Muslim extremists
2015,Bosnia-Herzegovina,3,Unknown
2015,Bulgaria,1,Anti-Muslim extremists
2015,Bulgaria,1,Unknown
2015,Czech Republic,3,Revolutionary Cells Network (SRN)
2015,Czech Republic,1,Unknown
2015,Estonia,2,Unknown
2015,Hungary,1,Unknown
2015,Kosovo,2,Unknown
2015,Macedonia,2,Kosovo Liberation Army (KLA)
2015,Macedonia,2,Unknown
2015,Montenegro,1,Unknown
2015,Russia,1,Caucasus Province of the Islamic State
2015,Russia,1,Makhachkala Gang
2015,Russia,2,Muslim extremists
2015,Russia,17,Unknown
2015,Ukraine,1,Chechen Rebels
2015,Ukraine,1,Cossack Separatists
2015,Ukraine,273,Donetsk People's Republic
2015,Ukraine,2,Kharkiv Partisans
2015,Ukraine,96,Luhansk People's Republic
2015,Ukraine,2,Odessa Underground
2015,Ukraine,4,Pro-Russia Militia
2015,Ukraine,1,Revenge Movement
2015,Ukraine,1,Right Sector
2015,Ukraine,2,Ukrainian Insurgent Army
2015,Ukraine,3,Ukrainian nationalists
2015,Ukraine,251,Unknown
2015,Cyprus,3,Unknown
2015,Denmark,2,Jihadi-inspired extremists
2015,Denmark,2,Unknown
2015,Finland,1,Anti-Immigrant extremists
2015,Finland,8,Unknown
2015,France,1,Al-Qaida in the Arabian Peninsula (AQAP)
2015,France,1,Animal Liberation Front (ALF)
2015,France,1,Anti-Muslim extremists
2015,France,2,Anti-Semitic extremists
2015,France,9,Islamic State of Iraq and the Levant (ISIL)
2015,France,5,Jihadi-inspired extremists
2015,France,1,Muslim extremists
2015,France,16,Unknown
2015,France,1,White extremists
2015,Germany,1,Animal Liberation Front (ALF)
2015,Germany,2,Anti-Immigrant extremists
2015,Germany,3,Freital Group
2015,Germany,1,Kurdistan Workers' Party (PKK)
2015,Germany,1,Muslim extremists
2015,Germany,1,Neo-Nazi extremists
2015,Germany,1,Patriotic Europeans against the Islamization of the West (PEGIDA)
2015,Germany,6,Right-wing extremists
2015,Germany,1,The Third Way (Der III. Weg)
2015,Germany,48,Unknown
2015,Greece,1,Anarchist Commando Nestor Makhno Group
2015,Greece,6,Anarchists
2015,Greece,1,Earth Liberation Front (ELF)
2015,Greece,1,Group of Popular Fighters
2015,Greece,1,Informal Anarchist Federation
2015,Greece,1,International Revolutionary Front
2015,Greece,1,Nihilistic Patrol and Neighborhood Arsonists
2015,Greece,1,Revolutionary Struggle
2015,Greece,2,Rubicon (Rouvikonas)
2015,Greece,15,Unknown
2015,Greece,1,Zero Tolerance
2015,Ireland,2,Dissident Republicans
2015,Ireland,26,Unknown
2015,Italy,1,Anarchist Cell Acca (C.A.A.)
2015,Italy,1,Left-wing extremists
2015,Italy,3,Unknown
2015,Malta,1,Unknown
2015,Netherlands,3,Unknown
2015,Spain,1,Ramiro Ledesma Social Centre
2015,Sweden,2,Anti-Immigrant extremists
2015,Sweden,30,Unknown
2015,United Kingdom,1,Continuity Irish Republican Army (CIRA)
2015,United Kingdom,22,Dissident Republicans
2015,United Kingdom,1,Jihadi-inspired extremists
2015,United Kingdom,11,Loyalists
2015,United Kingdom,1,Muslim extremists
2015,United Kingdom,7,Oglaigh na hEireann
2015,United Kingdom,6,The New Irish Republican Army
2015,United Kingdom,2,Ulster Freedom Fighters (UFF)
2015,United Kingdom,2,Ulster Volunteer Force (UVF)
2015,United Kingdom,61,Unknown
2016,Albania,1,Muslim extremists
2016,Albania,1,Unknown
2016,Bulgaria,1,Unknown
2016,Czech Republic,1,Neo-Nazi extremists
2016,Czech Republic,1,Unknown
2016,Hungary,1,Unknown
2016,Kosovo,2,Rugovasit Group
2016,Kosovo,5,Unknown
2016,Kosovo,1,Vetevendosje
2016,Moldova,1,Unknown
2016,Poland,1,Anarchists
2016,Poland,1,Anti-Immigrant extremists
2016,Russia,1,Anti-Semitic extremists
2016,Russia,1,Caucasus Emirate
2016,Russia,7,Caucasus Province of the Islamic State
2016,Russia,1,Chechen Rebels
2016,Russia,1,Cossack Separatists
2016,Russia,1,Gunib Group
2016,Russia,2,Islamic State of Iraq and the Levant (ISIL)
2016,Russia,1,Jihadi-inspired extremists
2016,Russia,1,Kizilyurtovskiy Group
2016,Russia,1,Muslim extremists
2016,Russia,1,Shamil Group
2016,Russia,1,South Group (Russia)
2016,Russia,36,Unknown
2016,Slovak Republic,1,Right-wing extremists
2016,Ukraine,10,Donetsk People's Republic
2016,Ukraine,2,Luhansk People's Republic
2016,Ukraine,1,Muslim extremists
2016,Ukraine,1,Pro-Russia Militia
2016,Ukraine,1,Ukrainian nationalists
2016,Ukraine,46,Unknown
2016,Austria,1,Kurdistan Workers' Party (PKK)
2016,Austria,2,Unknown
2016,Belgium,2,Islamic State of Iraq and the Levant (ISIL)
2016,Belgium,1,Muslim extremists
2016,Belgium,3,Unknown
2016,Cyprus,2,Unknown
2016,Denmark,1,Jihadi-inspired extremists
2016,Finland,1,Animal Liberation Front (ALF)
2016,Finland,2,Unknown
2016,France,1,Anti-Semitic extremists
2016,France,2,Comite d'Action Viticole
2016,France,8,Jihadi-inspired extremists
2016,France,1,No Borders Group
2016,France,14,Unknown
2016,Germany,2,Anarchists
2016,Germany,1,Bahoz
2016,Germany,1,Islamic State of Iraq and the Levant (ISIL)
2016,Germany,8,Jihadi-inspired extremists
2016,Germany,2,Kurdistan Workers' Party (PKK)
2016,Germany,3,Left-wing extremists
2016,Germany,1,Muslim extremists
2016,Germany,3,Neo-Nazi extremists
2016,Germany,2,Patriotic Europeans against the Islamization of the West (PEGIDA)
2016,Germany,3,Right-wing extremists
2016,Germany,18,Unknown
2016,Greece,9,Anarchists
2016,Greece,1,Conspiracy of Cells of Fire
2016,Greece,1,Group of Popular Fighters
2016,Greece,1,Les Casseurs
2016,Greece,1,"Lone Wolves of Radical, Autonomous, Militant National Socialism"
2016,Greece,2,Organization for Revolutionary Self Defense
2016,Greece,15,Unknown
2016,Greece,1,Unrepentant Anarchists
2016,Ireland,1,Continuity Irish Republican Army (CIRA)
2016,Ireland,1,Dissident Republicans
2016,Ireland,13,Unknown
2016,Italy,9,Anarchists
2016,Italy,1,Jihadi-inspired extremists
2016,Italy,1,Unknown
2016,Netherlands,2,Kurdistan Workers' Party (PKK)
2016,Netherlands,2,Right-wing extremists
2016,Netherlands,2,Unknown
2016,Spain,1,Alde Hemendik Movement
2016,Spain,1,Muslim extremists
2016,Spain,1,Ramiro Ledesma Social Centre
2016,Sweden,1,Anti-Muslim extremists
2016,Sweden,1,Jihadi-inspired extremists
2016,Sweden,1,Nordic Resistance Movement
2016,Sweden,13,Unknown
2016,Switzerland,1,Unknown
2016,United Kingdom,2,Anarchists
2016,United Kingdom,2,Anti-Muslim extremists
2016,United Kingdom,1,Anti-Semitic extremists
2016,United Kingdom,16,Dissident Republicans
2016,United Kingdom,2,Irish National Liberation Army (INLA)
2016,United Kingdom,1,Jihadi-inspired extremists
2016,United Kingdom,1,Kurdistan Workers' Party (PKK)
2016,United Kingdom,1,Loyalists
2016,United Kingdom,2,Muslim extremists
2016,United Kingdom,1,Neo-Nazi extremists
2016,United Kingdom,2,Oglaigh na hEireann
2016,United Kingdom,1,South East Antrim Brigade
2016,United Kingdom,6,The New Irish Republican Army
2016,United Kingdom,67,Unknown
2017,Albania,1,Unknown
2017,Czech Republic,2,Anti-Immigrant extremists
2017,Czech Republic,1,Unknown
2017,Kosovo,1,Albanian extremists
2017,Kosovo,7,Unknown
2017,Latvia,1,Unknown
2017,Macedonia,1,Unknown
2017,Poland,1,Unknown
2017,Russia,1,Anti-Semitic extremists
2017,Russia,9,Caucasus Province of the Islamic State
2017,Russia,1,Christian State-Holy Rus
2017,Russia,2,Imam Shamil Battalion
2017,Russia,2,Islamic State of Iraq and the Levant (ISIL)
2017,Russia,1,Misanthropic Division
2017,Russia,1,Neo-Nazi extremists
2017,Russia,16,Unknown
2017,Serbia,1,Unknown
2017,Ukraine,10,Donetsk People's Republic
2017,Ukraine,1,Luhansk People's Republic
2017,Ukraine,1,Nazhdak
2017,Ukraine,4,Pro-Russia Militia
2017,Ukraine,2,Torpedy Group
2017,Ukraine,43,Unknown
2017,Austria,1,Jihadi-inspired extremists
2017,Belgium,1,Jihadi-inspired extremists
2017,Belgium,1,Muslim extremists
2017,Belgium,1,Unknown
2017,Finland,1,Jihadi-inspired extremists
2017,Finland,1,Unknown
2017,France,1,Anarchist Revolt Against Exiled Gendarmes
2017,France,1,Anti-Muslim extremists
2017,France,1,Anti-Semitic extremists
2017,France,1,Comite d'Action Viticole
2017,France,1,Conspiracy of Cells of Fire
2017,France,4,Corsican Nationalists
2017,France,1,Feminist extremists
2017,France,1,Fight Xenophobia
2017,France,1,Irrintzi
2017,France,6,Jihadi-inspired extremists
2017,France,3,Muslim extremists
2017,France,6,The Defense Command of the French People and the Motherland (CDPPF)
2017,France,1,The Nocturnals
2017,France,7,Unknown
2017,France,6,Wild Individualities
2017,Germany,1,Anarchists
2017,Germany,1,Animal Rights extremists
2017,Germany,1,Conspiracy of Cells of Fire
2017,Germany,1,Conspiracy of Vengeful Arsonists
2017,Germany,2,Fire and Flame for the Police (FFdP)
2017,Germany,1,Jihadi-inspired extremists
2017,Germany,1,Kurdistan Workers' Party (PKK)
2017,Germany,1,Left-wing extremists
2017,Germany,10,Shutdown G20: Take Hamburg offline!
2017,Germany,8,Unknown
2017,Greece,1,Anarchist Collective of Kallithea-Moschato
2017,Greece,7,Anarchists
2017,Greece,1,Apella
2017,Greece,1,Cells of Direct Attack - Living Waste Group
2017,Greece,2,Conspiracy of Cells of Fire
2017,Greece,3,Crypteia
2017,Greece,2,Group of Popular Fighters
2017,Greece,2,Minorities of Metropolitan Attacks
2017,Greece,2,Neo-Fascists
2017,Greece,2,Organization for Revolutionary Self Defense
2017,Greece,4,Rubicon (Rouvikonas)
2017,Greece,16,Unknown
2017,Ireland,17,Unknown
2017,Italy,2,Anarchists
2017,Italy,1,Informal Anarchist Federation
2017,Italy,1,Jihadi-inspired extremists
2017,Italy,4,Unknown
2017,Malta,3,Unknown
2017,Netherlands,1,Palestinian Extremists
2017,Norway,1,Jihadi-inspired extremists
2017,Spain,3,Muslim extremists
2017,Spain,1,Unknown
2017,Sweden,2,Anti-Semitic extremists
2017,Sweden,1,Jihadi-inspired extremists
2017,Sweden,2,Neo-Nazi extremists
2017,Sweden,2,Nordic Resistance Movement
2017,Sweden,11,Unknown
2017,United Kingdom,9,Anti-Muslim extremists
2017,United Kingdom,2,Anti-Semitic extremists
2017,United Kingdom,1,Arm na Poblachta' (Army of the Republic)
2017,United Kingdom,11,Dissident Republicans
2017,United Kingdom,2,Islamic State of Iraq and the Levant (ISIL)
2017,United Kingdom,1,Jihadi-inspired extremists
2017,United Kingdom,5,Loyalists
2017,United Kingdom,2,Muslim extremists
2017,United Kingdom,1,Neo-Nazi extremists
2017,United Kingdom,4,Oglaigh na hEireann
2017,United Kingdom,1,South East Antrim Brigade
2017,United Kingdom,6,The New Irish Republican Army
2017,United Kingdom,3,Ulster Freedom Fighters (UFF)
2017,United Kingdom,3,Ulster Volunteer Force (UVF)
2017,United Kingdom,71,Unknown
